,UserId,Text,Date,ProductId,Helpfullness,Sarcasm,Product,Sentiment
0,1309480286888103938,"RT @nutz_n_chops: TGIF!!
How do you intend to spend your weekend?? With a tray of small chops, or a jumbo sized pack of peanuts ğŸŒğŸŒ
Send usâ€¦",2020-09-25,B001E4KFG0,0,1,,1
1,1309465702722662400,"RT @nutz_n_chops: TGIF!!
How do you intend to spend your weekend?? With a tray of small chops, or a jumbo sized pack of peanuts ğŸŒğŸŒ
Send usâ€¦",2020-09-25,B001E4KFG0,0,1,,1
2,1309465208327413761,"RT @nutz_n_chops: TGIF!!
How do you intend to spend your weekend?? With a tray of small chops, or a jumbo sized pack of peanuts ğŸŒğŸŒ
Send usâ€¦",2020-09-25,B001E4KFG0,0,1,,1
3,1309463277601271808,"RT @nutz_n_chops: TGIF!!
How do you intend to spend your weekend?? With a tray of small chops, or a jumbo sized pack of peanuts ğŸŒğŸŒ
Send usâ€¦",2020-09-25,B001E4KFG0,0,1,,1
4,1309460934935687169,"RT @nutz_n_chops: TGIF!!
How do you intend to spend your weekend?? With a tray of small chops, or a jumbo sized pack of peanuts ğŸŒğŸŒ
Send usâ€¦",2020-09-25,B001E4KFG0,0,1,,1
5,1309458412628041729,"RT @nutz_n_chops: TGIF!!
How do you intend to spend your weekend?? With a tray of small chops, or a jumbo sized pack of peanuts ğŸŒğŸŒ
Send usâ€¦",2020-09-25,B001E4KFG0,0,1,,1
6,1309454761570324481,"RT @nutz_n_chops: TGIF!!
How do you intend to spend your weekend?? With a tray of small chops, or a jumbo sized pack of peanuts ğŸŒğŸŒ
Send usâ€¦",2020-09-25,B001E4KFG0,0,1,,1
7,1309452381021769730,"RT @nutz_n_chops: TGIF!!
How do you intend to spend your weekend?? With a tray of small chops, or a jumbo sized pack of peanuts ğŸŒğŸŒ
Send usâ€¦",2020-09-25,B001E4KFG0,0,1,,1
8,1309452175416987648,"RT @nutz_n_chops: TGIF!!
How do you intend to spend your weekend?? With a tray of small chops, or a jumbo sized pack of peanuts ğŸŒğŸŒ
Send usâ€¦",2020-09-25,B001E4KFG0,0,1,,1
9,1309449556359286784,"RT @nutz_n_chops: TGIF!!
How do you intend to spend your weekend?? With a tray of small chops, or a jumbo sized pack of peanuts ğŸŒğŸŒ
Send usâ€¦",2020-09-25,B001E4KFG0,0,1,,1
10,1309448616940109825,"RT @nutz_n_chops: TGIF!!
How do you intend to spend your weekend?? With a tray of small chops, or a jumbo sized pack of peanuts ğŸŒğŸŒ
Send usâ€¦",2020-09-25,B001E4KFG0,0,1,,1
11,1309448615564378112,"RT @nutz_n_chops: TGIF!!
How do you intend to spend your weekend?? With a tray of small chops, or a jumbo sized pack of peanuts ğŸŒğŸŒ
Send usâ€¦",2020-09-25,B001E4KFG0,0,1,,1
12,1309448528033386497,"RT @nutz_n_chops: TGIF!!
How do you intend to spend your weekend?? With a tray of small chops, or a jumbo sized pack of peanuts ğŸŒğŸŒ
Send usâ€¦",2020-09-25,B001E4KFG0,0,1,,1
13,1309447414877745153,"RT @nutz_n_chops: TGIF!!
How do you intend to spend your weekend?? With a tray of small chops, or a jumbo sized pack of peanuts ğŸŒğŸŒ
Send usâ€¦",2020-09-25,B001E4KFG0,0,1,,1
14,1309444272622575617,"RT @nutz_n_chops: TGIF!!
How do you intend to spend your weekend?? With a tray of small chops, or a jumbo sized pack of peanuts ğŸŒğŸŒ
Send usâ€¦",2020-09-25,B001E4KFG0,0,1,,1
15,1309438435481006084,"RT @nutz_n_chops: TGIF!!
How do you intend to spend your weekend?? With a tray of small chops, or a jumbo sized pack of peanuts ğŸŒğŸŒ
Send usâ€¦",2020-09-25,B001E4KFG0,0,1,,1
16,1309438333152645120,"RT @nutz_n_chops: TGIF!!
How do you intend to spend your weekend?? With a tray of small chops, or a jumbo sized pack of peanuts ğŸŒğŸŒ
Send usâ€¦",2020-09-25,B001E4KFG0,0,1,,1
17,1309437230100942850,"RT @nutz_n_chops: TGIF!!
How do you intend to spend your weekend?? With a tray of small chops, or a jumbo sized pack of peanuts ğŸŒğŸŒ
Send usâ€¦",2020-09-25,B001E4KFG0,0,1,,1
18,1309435969691676672,"RT @nutz_n_chops: TGIF!!
How do you intend to spend your weekend?? With a tray of small chops, or a jumbo sized pack of peanuts ğŸŒğŸŒ
Send usâ€¦",2020-09-25,B001E4KFG0,0,1,,1
19,1309434870104494080,"RT @nutz_n_chops: TGIF!!
How do you intend to spend your weekend?? With a tray of small chops, or a jumbo sized pack of peanuts ğŸŒğŸŒ
Send usâ€¦",2020-09-25,B001E4KFG0,0,1,,1
20,1309433732374429697,"RT @nutz_n_chops: TGIF!!
How do you intend to spend your weekend?? With a tray of small chops, or a jumbo sized pack of peanuts ğŸŒğŸŒ
Send usâ€¦",2020-09-25,B001E4KFG0,0,1,,1
21,1309433502660726784,"RT @nutz_n_chops: TGIF!!
How do you intend to spend your weekend?? With a tray of small chops, or a jumbo sized pack of peanuts ğŸŒğŸŒ
Send usâ€¦",2020-09-25,B001E4KFG0,0,1,,1
22,1309432378335559680,"RT @nutz_n_chops: TGIF!!
How do you intend to spend your weekend?? With a tray of small chops, or a jumbo sized pack of peanuts ğŸŒğŸŒ
Send usâ€¦",2020-09-25,B001E4KFG0,0,1,,1
23,1309428334099660800,"RT @nutz_n_chops: TGIF!!
How do you intend to spend your weekend?? With a tray of small chops, or a jumbo sized pack of peanuts ğŸŒğŸŒ
Send usâ€¦",2020-09-25,B001E4KFG0,0,1,,1
24,1309427698582851584,"RT @nutz_n_chops: TGIF!!
How do you intend to spend your weekend?? With a tray of small chops, or a jumbo sized pack of peanuts ğŸŒğŸŒ
Send usâ€¦",2020-09-25,B001E4KFG0,0,1,,1
25,1309427089565679622,"RT @nutz_n_chops: TGIF!!
How do you intend to spend your weekend?? With a tray of small chops, or a jumbo sized pack of peanuts ğŸŒğŸŒ
Send usâ€¦",2020-09-25,B001E4KFG0,0,1,,1
26,1309424850726014976,"RT @nutz_n_chops: TGIF!!
How do you intend to spend your weekend?? With a tray of small chops, or a jumbo sized pack of peanuts ğŸŒğŸŒ
Send usâ€¦",2020-09-25,B001E4KFG0,0,1,,1
27,1309423408233545729,"RT @nutz_n_chops: TGIF!!
How do you intend to spend your weekend?? With a tray of small chops, or a jumbo sized pack of peanuts ğŸŒğŸŒ
Send usâ€¦",2020-09-25,B001E4KFG0,0,1,,1
28,1309423088501751809,"RT @nutz_n_chops: TGIF!!
How do you intend to spend your weekend?? With a tray of small chops, or a jumbo sized pack of peanuts ğŸŒğŸŒ
Send usâ€¦",2020-09-25,B001E4KFG0,0,1,,1
29,1309423005672628224,"RT @nutz_n_chops: TGIF!!
How do you intend to spend your weekend?? With a tray of small chops, or a jumbo sized pack of peanuts ğŸŒğŸŒ
Send usâ€¦",2020-09-25,B001E4KFG0,0,1,,1
30,1309421865740443649,"RT @nutz_n_chops: TGIF!!
How do you intend to spend your weekend?? With a tray of small chops, or a jumbo sized pack of peanuts ğŸŒğŸŒ
Send usâ€¦",2020-09-25,B001E4KFG0,0,1,,1
31,1309421797213908993,"RT @nutz_n_chops: TGIF!!
How do you intend to spend your weekend?? With a tray of small chops, or a jumbo sized pack of peanuts ğŸŒğŸŒ
Send usâ€¦",2020-09-25,B001E4KFG0,0,1,,1
32,1309421783695622146,"RT @nutz_n_chops: TGIF!!
How do you intend to spend your weekend?? With a tray of small chops, or a jumbo sized pack of peanuts ğŸŒğŸŒ
Send usâ€¦",2020-09-25,B001E4KFG0,0,1,,1
33,1309421772807245825,"RT @nutz_n_chops: TGIF!!
How do you intend to spend your weekend?? With a tray of small chops, or a jumbo sized pack of peanuts ğŸŒğŸŒ
Send usâ€¦",2020-09-25,B001E4KFG0,0,1,,1
34,1309421677927952384,"RT @nutz_n_chops: TGIF!!
How do you intend to spend your weekend?? With a tray of small chops, or a jumbo sized pack of peanuts ğŸŒğŸŒ
Send usâ€¦",2020-09-25,B001E4KFG0,0,1,,1
35,1309402306765615104,"RT @nutz_n_chops: TGIF!!
How do you intend to spend your weekend?? With a tray of small chops, or a jumbo sized pack of peanuts ğŸŒğŸŒ
Send usâ€¦",2020-09-25,B001E4KFG0,0,1,,1
36,1309396829516247040,"RT @nutz_n_chops: TGIF!!
How do you intend to spend your weekend?? With a tray of small chops, or a jumbo sized pack of peanuts ğŸŒğŸŒ
Send usâ€¦",2020-09-25,B001E4KFG0,0,1,,1
37,1309396520777781248,"TGIF!!
How do you intend to spend your weekend?? With a tray of small chops, or a jumbo sized pack of peanuts ğŸŒğŸŒ
Seâ€¦ https://t.co/6tEGhkjjWK",2020-09-25,B001E4KFG0,1,1,,1
38,1309351279211159552,"@KinsZilla Oh, what people here call ""peanuts butter"" is not peanut butter. It's...not bad! But it's more sweet, leâ€¦ https://t.co/NgU4DweogK",2020-09-25,B001E4KFG0,1,1,,1
39,1308638404427616257,"Check out Snoopy Plush 29"" United Features Syndicate Stuffed Animal Jumbo Peanuts  https://t.co/QtySimxFTQ via @eBay",2020-09-23,B001E4KFG0,1,1,,0
40,1308473603168632832,@TotalusRankium @CutClassPodcast Of course we know that the elephant Jumbo went to a farm with lots of cotton candy and peanuts.,2020-09-22,B001E4KFG0,1,1,,0
41,1308257338910887937,FART DEBT THE EMAIL MARKETING PILE OF HORSE FERTILIZER PULL A REINDEER DIARRHEA FART CAN LIGHTS CHICKEN TO REMEMBERâ€¦ https://t.co/uKvEKOCvYC,2020-09-22,B001E4KFG0,0,1,,-1
42,1307399017609998336,"RT @nutz_n_chops: @retweets_9ja We sell peanuts and small chops 
You can contact us for any of our packages
Peanuts=800
Small chops=800-600â€¦",2020-09-19,B001E4KFG0,0,1,,-1
43,1307307970200469504,If that's not a 4-0 winning team right there I'll sit on the crapper all night with a bottle of JD and a jumbo bagâ€¦ https://t.co/EX7Vn9DCpX,2020-09-19,B001E4KFG0,1,1,,1
44,1307306177525682183,"RT @nutz_n_chops: @retweets_9ja We sell peanuts and small chops 
You can contact us for any of our packages
Peanuts=800
Small chops=800-600â€¦",2020-09-19,B001E4KFG0,0,1,,-1
45,1307305957869973504,"RT @nutz_n_chops: @_MarketNigeria We sell peanuts and small chops 
You can contact us for any of our packages
Peanuts=800
Small chops=800-6â€¦",2020-09-19,B001E4KFG0,0,1,,-1
46,1307237405863415811,"RT @nutz_n_chops: @retweets_9ja We sell peanuts and small chops 
You can contact us for any of our packages
Peanuts=800
Small chops=800-600â€¦",2020-09-19,B001E4KFG0,0,1,,-1
47,1307236079779680256,"RT @nutz_n_chops: @retweets_9ja We sell peanuts and small chops 
You can contact us for any of our packages
Peanuts=800
Small chops=800-600â€¦",2020-09-19,B001E4KFG0,0,1,,-1
48,1307233374298419201,"RT @nutz_n_chops: @retweets_9ja We sell peanuts and small chops 
You can contact us for any of our packages
Peanuts=800
Small chops=800-600â€¦",2020-09-19,B001E4KFG0,0,1,,-1
49,1307229068824391680,"@retweets_9ja We sell peanuts and small chops 
You can contact us for any of our packages
Peanuts=800
Small chops=8â€¦ https://t.co/2n2i6a2T2o",2020-09-19,B001E4KFG0,0,1,,-1
50,1307221324901888000,"RT @nutz_n_chops: @_MarketNigeria We sell peanuts and small chops 
You can contact us for any of our packages
Peanuts=800
Small chops=800-6â€¦",2020-09-19,B001E4KFG0,0,1,,-1
51,1307221075361660929,"@_MarketNigeria We sell peanuts and small chops 
You can contact us for any of our packages
Peanuts=800
Small chopsâ€¦ https://t.co/hheXsRe4Ks",2020-09-19,B001E4KFG0,0,1,,-1
52,1306762819711442944,"Nuts that are still in their shell... superior. Jumbo roasted peanuts? Crush em, walnuts? Smash em, raw pistachios?â€¦ https://t.co/aLFWtp9ZGD",2020-09-18,B001E4KFG0,0,1,,1
53,1306485932238016512,"@garybrannan It would be awesome. 
Hold out for those luxury jumbo peanuts you only see at Christmas.",2020-09-17,B001E4KFG0,1,1,,1
54,1309576501801684999,@xUziWrld Twizzlers L,2020-09-25,B001E4KFG0,0,1,,0
55,1309576169751293952,@colorbolt1 Twizzlers suck and guacamole sucks and putting them both together sounds like something worse than literal dogshit,2020-09-25,B001E4KFG0,0,1,,-1
56,1309575558280491009,i am threatening to eat this entire pack of twizzlers,2020-09-25,B001E4KFG0,0,1,,0
57,1309574851653447680,Red vines &gt; Twizzlers,2020-09-25,B001E4KFG0,0,1,,0
58,1309573359840108545,is there something wrong with twizzlers and guac?,2020-09-25,B001E4KFG0,0,1,,-1
59,1309572686050459648,"Now that I'm older and my tastes have changed a bit, I think I do actually prefer Red Vines to Twizzlers.

...regulâ€¦ https://t.co/VOWtyDUwy4",2020-09-25,B001E4KFG0,0,1,,1
60,1309571855607496705,"@_Tinkerz this is my garth algar flannel... for my garth outfit. i also have the pants, shirt and helmet. back whenâ€¦ https://t.co/i1klRFlqZb",2020-09-25,B001E4KFG0,1,1,,0
61,1309571613210234880,RT @sherrymac67: @ProudAmerica4 @Louissirois17Q Red Twizzlers???,2020-09-25,B001E4KFG0,0,1,,0
62,1309571086519078912,"@THahnBurkett We couldn't afford to eat out; no concerns about kid's menus. 

But I do remember sending my child toâ€¦ https://t.co/J1Ciqs6zAa",2020-09-25,B001E4KFG0,0,1,,0
63,1309570769580707841,@ProudAmerica4 @Louissirois17Q Red Twizzlers???,2020-09-25,B001E4KFG0,0,1,,0
64,1309570681512906752,"RT @ykyouluvmeh: wait im srry.. people
like
twizzlers ???????????",2020-09-25,B001E4KFG0,0,1,,0
65,1309570519344259073,RT @twerkfohaj: twizzlers? who tf eats them shits..,2020-09-25,B001E4KFG0,0,1,,0
66,1309568670709014528,@GuidoFawkes I thought it was Turkey Twizzlers?,2020-09-25,B001E4KFG0,0,1,,0
67,1309568273953050625,@neobuns twizzlers PLSSS,2020-09-25,B001E4KFG0,0,1,,0
68,1309568201173479424,"@BrandysCorner @FryeburgFry LOL youâ€™re not old!! ğŸ¤—

I canâ€™t get into it. Twizzlers though - great. Unless theyâ€™re stale.",2020-09-25,B001E4KFG0,0,1,,1
69,1309562812130304000,This reminds me that I haven't had Twizzlers in probably a month ğŸ˜® https://t.co/JXKR2oRLtv,2020-09-25,B001E4KFG0,0,1,,0
70,1309560747744256001,what if sylvain's favorite candy was twizzlers,2020-09-25,B001E4KFG0,0,1,,1
71,1309560650880999427,@OleRyborg Jeg bor i Massachusetts og vil egentlig bare gerne vide hvor han fik alle de lakridser fra! Jeg kan ikkeâ€¦ https://t.co/KAlw5Mh5Ov,2020-09-25,B001E4KFG0,1,1,,1
72,1309558966020575232,"@HillaryMonahan Team Twizzler all the way. I wish I could find the chocolate Twizzlers again, that would be fun for iced coffee....",2020-09-25,B001E4KFG0,0,1,,1
73,1309558443133612033,"Yoda has an important announcement:
""A candy feature, The Brokaw Movie House is having. Buncha Crunch, Snickers Bitâ€¦ https://t.co/YNBAYfsU1R",2020-09-25,B001E4KFG0,0,1,,1
74,1309557419991871491,Yeah I might be a stupid idiot with horrible eating habits but you don't have turkey twizzlers in the oven right now do you.,2020-09-25,B001E4KFG0,0,1,,-1
75,1309552026762850310,Dark cherries are the new Twizzlers,2020-09-25,B001E4KFG0,0,1,,-1
76,1309551759166181379,Unpopular opinion but Turkey  twizzlers are sh*t ğŸ¤®,2020-09-25,B001E4KFG0,0,1,,0
77,1309550336516947981,@gamesyouloved Where's the twizzlers at,2020-09-25,B001E4KFG0,0,1,,0
78,1309549992571527173,"@RexHuppke Because who among us doesnâ€™t shop for Twizzlers in four inch Louboutins and cashmere?
#vote #VoteHimOut",2020-09-25,B001E4KFG0,0,1,,0
79,1309549744012881921,"If she likes Twizzlers a little too much, get out while you can.",2020-09-25,B001E4KFG0,0,1,,1
80,1309548788982448137,"Picked up crafty for tomorrow, and told myself I wouldn't buy myself a snack. Orange creme twizzlers, you've won this time.",2020-09-25,B001E4KFG0,0,1,,1
81,1309548649471520768,@ShinTsukimi0 !!!!!!! mino looovvveesss twizzlers!! ...hmm liquorice she's not so keen on but !! we all have different tastes!,2020-09-25,B001E4KFG0,0,1,,0
82,1309548308269092868,@Hersheys could you do me a favor  and stop adding twizzlers to your Halloween mix. It is not that I don't  like twâ€¦ https://t.co/4Eyr368hTL,2020-09-25,B001E4KFG0,0,1,,0
83,1309547326999007239,RT @mylajhorizon: You gotta be down bad to be smoking out of twizzlers,2020-09-25,B001E4KFG0,0,1,,-1
84,1309547323719114754,@minoisatwendys oh! ehe...i like licorice! but twizzlers are cool too..,2020-09-25,B001E4KFG0,0,1,,1
85,1309546167215296512,Reminder: Twizzlers never taste as good as you hope. #fillercandy #candytwitter,2020-09-25,B001E4KFG0,0,1,,1
86,1309543037413011462,twizzlers suck,2020-09-25,B001E4KFG0,0,1,,0
87,1309541807932440577,Gonna panic buy Turkey Twizzlers incase Jamie (fat cunt) Oliver gets em banned again!,2020-09-25,B001E4KFG0,1,1,,0
88,1309540833033478145,"Fkn gross, Americans have no culture. Why does this look like cut up, moist Twizzlers?ğŸ¤¢ https://t.co/dMaWftf6sU",2020-09-25,B001E4KFG0,1,1,,-1
89,1309540773113856001,"@jaimepantss On second glance it is ""im hungry. Im gonna go eat twizzlers """,2020-09-25,B001E4KFG0,0,1,,0
90,1309540453457559556,"@jaimepantss ""I'm gonna go eat twizzlers""",2020-09-25,B001E4KFG0,0,1,,0
91,1309539814581166080,@fabulousdk Debbie - what the hell does this even mean!?!?! Is the Midwest the home of Baby Yoda and Twizzlers? I'mâ€¦ https://t.co/4P5RgxCjxS,2020-09-25,B001E4KFG0,0,1,,-1
92,1309536988274536451,RT @MiAmorAlia: Everybody fake hate candy corn just like they fake hate peeps and twizzlers. More for me.,2020-09-25,B001E4KFG0,0,1,,-1
93,1309536674548981760,RT @sarahlugor: twizzlers smack idk what yâ€™all are on about,2020-09-25,B001E4KFG0,0,1,,0
94,1309535797457104896,Just took 7 twizzlers on and I'm not even ashamed ğŸ¤·ğŸ½â€â™‚ï¸,2020-09-25,B001E4KFG0,0,1,,0
95,1309535389850505219,"Haven't you ever seen that @TWIZZLERS commercial, Chad? https://t.co/HATefrWo1Y",2020-09-25,B001E4KFG0,0,1,,0
96,1309534853621321730,@joelockhart What is that a bag of - generic twizzlers?,2020-09-25,B001E4KFG0,0,1,,0
97,1309534122004619264,@Elsawiththefat1 she smell like molded twizzlers,2020-09-25,B001E4KFG0,0,1,,0
98,1309533556625018881,Twizzlers,2020-09-25,B001E4KFG0,0,1,,0
99,1309533353188765696,@shuttle_konk22 @campos63 Wow guys go back to Ooping 101. Midwesterners love Baby Yoda and Twizzlers more than God and country smh,2020-09-25,B001E4KFG0,1,1,,1
100,1309531236457680897,@MysterySolvent Where is she? Why is she holding a bag of twizzlers &amp; eyeliner in a place with nearly empty shelvesâ€¦ https://t.co/21PUmu7rcG,2020-09-25,B001E4KFG0,0,1,,-1
101,1309530892306714624,"tw // food

twizzlers i fucking hate them with a passion. that or reeses but i dont mind them as much https://t.co/CVwK7IHCfu",2020-09-25,B001E4KFG0,0,1,,-1
102,1309530102980587520,@zeldron999 twizzlers taste like plastic i do not,2020-09-25,B001E4KFG0,0,1,,0
103,1309529906884349952,"@MysterySolvent @cljmo Help, she is going to beat me with these twizzlers",2020-09-25,B001E4KFG0,0,1,,0
104,1309529825812639744,Twizzlers are TERRIBLE https://t.co/hTp4xCRFiX,2020-09-25,B001E4KFG0,0,1,,-1
105,1309529384559226887,"You're only allowed 1 type of candy for the rest of your life, what do you choose? â€” Twizzlers. Without a shadow ofâ€¦ https://t.co/XwRtsNZw2f",2020-09-25,B001E4KFG0,0,1,,0
106,1309528367906029569,@chchchxrrybxmbs Ok true but I hate Twizzlers more,2020-09-25,B001E4KFG0,0,1,,1
107,1309528355587395584,"@madigrips // food
twizzlers, sour patch, reeses, and swedish fish can all go",2020-09-25,B001E4KFG0,0,1,,-1
108,1309527872705527808,"@swaglenny / food
especially salt and vinegar chips or twizzlers tho.. m m yumey",2020-09-25,B001E4KFG0,0,1,,0
109,1309527423655055361,"Tw // food
.
.
.
.
.
Twizzlers are fucking nasty as fuck theyâ€™re going https://t.co/U6KsMdPoTO",2020-09-25,B001E4KFG0,0,1,,-1
110,1309527403325198337,@deathgwips twizzlers r good ğŸ¤¬,2020-09-25,B001E4KFG0,1,1,,1
111,1309527250287702016,@madigrips twizzlers are right there ğŸ˜¡ğŸ˜¡ğŸ˜¡,2020-09-25,B001E4KFG0,1,1,,1
112,1309526846476869637,@foxxi_loxxi hate twizzlers,2020-09-25,B001E4KFG0,0,1,,-1
113,1309526172305362946,twizzlers are nasty &lt;3 https://t.co/5pHxLp247X,2020-09-25,B001E4KFG0,1,1,,-1
114,1309524181726441475,@tonyposnanski @TheRealHoarse Send him some Twizzlers.,2020-09-25,B001E4KFG0,0,1,,0
115,1309524131893841920,@MysterySolvent â€œWhy is she wearing her bathrobe? I love Twizzlers!â€,2020-09-25,B001E4KFG0,0,1,,1
116,1309522849800105989,@MysterySolvent But wait.....what are those things in her other hand.....are they....twizzlers? Or...chilli peppers?,2020-09-25,B001E4KFG0,0,1,,0
117,1309519806908035076,Twizzlers was the imposter,2020-09-25,B001E4KFG0,0,1,,0
118,1309519786737508353,"@MysterySolvent Scotty, beam me up! (Sue me, I like crossovers ğŸ˜Š)
Also, she's got a death grip on the twizzlers. Isâ€¦ https://t.co/rlsPCJHqwQ",2020-09-25,B001E4KFG0,1,1,,0
119,1309519335673667585,@foxxi_loxxi Definitely Twizzlers,2020-09-25,B001E4KFG0,0,1,,0
120,1309519160687448064,Acabo de ver in video donde en NY a un niÃ±o en unos Twizzlers (tipo skwinkles americanos) de Halloween le pusieronâ€¦ https://t.co/q2XVgx0Dtn,2020-09-25,B001E4KFG0,1,1,,0
121,1309517824096964609,Twizzlers for every meal. ğŸ˜‚ğŸ¤£ https://t.co/6I6IY3W6VO,2020-09-25,B001E4KFG0,0,1,,0
122,1309517606135635968,@jazzbear09 @lindarchilders @IvankaTrump @TWIZZLERS Batteries not included https://t.co/N1HmQHTx9D,2020-09-25,B001E4KFG0,0,1,,0
123,1309517246604206082,@Jacob_Mayo2 I wouldnâ€™t consider myself a fan either. But I have eaten so many twizzlers in my lifetime and never eâ€¦ https://t.co/rPbXv2lSx9,2020-09-25,B001E4KFG0,0,1,,1
124,1309517200244518913,The thing I hate most about turkey twizzlers is that theyâ€™re absolutely delicious,2020-09-25,B001E4KFG0,0,1,,1
125,1309516145834299395,@Jacob_Mayo2 ABSOLUTE HOT TAKE. Twizzlers over Swedish fish?,2020-09-25,B001E4KFG0,0,1,,1
126,1309516009796231169,RT @Ricky_Turgeon: @hvanspall @HeartOTXHeartMD @DrRaniKhatib Apparently as little as 5 g/d of black licorice can increase BP &amp; cause hypokaâ€¦,2020-09-25,B001E4KFG0,0,1,,-1
127,1309515791121944578,"@ETheFriendly Do the Twizzlers play a role? 

I need some.

Maybe better for movie instead of popcorn.  ğŸ’«ğŸ¤

Thanksâ€¦ https://t.co/PfO2hnA6ph",2020-09-25,B001E4KFG0,0,1,,1
128,1309515393472638976,@trombonitaur one of the people ğŸ¥° i too love off brand twizzlers,2020-09-25,B001E4KFG0,1,1,,1
129,1309514661948264455,@MysterySolvent No-name twizzlers,2020-09-25,B001E4KFG0,0,1,,0
130,1309513827818639362,@MysterySolvent I see shes buying red twizzlers for Erics prison bag,2020-09-25,B001E4KFG0,0,1,,0
131,1309513439774216193,I honestly didnâ€™t know it was a crime to enjoy Twizzlers I mean my God!,2020-09-25,B001E4KFG0,0,1,,1
132,1309513079764316160,@Walroose64 me when walroose wants to get rid of twizzlers https://t.co/SdCymixFk6,2020-09-25,B001E4KFG0,0,1,,1
133,1309511655374467074,@Bihlbo @Rihanna9th @APHealthScience They add licorice flavor to red vines &amp; some twizzlers flavors and call it licorice.,2020-09-25,B001E4KFG0,0,1,,0
134,1309511392161038337,RT @Walroose64: Twizzlers are just strawberry flavored rubber I'm sorry,2020-09-25,B001E4KFG0,0,1,,-1
135,1309510955919978497,Fuck off Jamie Oliver. Never forgiven you for doing away with turkey twizzlers,2020-09-25,B001E4KFG0,0,1,,-1
136,1309510773501296650,@ykyouluvmeh twizzlers are good ._.,2020-09-25,B001E4KFG0,0,1,,1
137,1309508938061303808,@swipnip @TWIZZLERS COMPLETE THE MOOT TWIZZLERS,2020-09-25,B001E4KFG0,0,1,,1
138,1309508793760391168,"@MysterySolvent Baby Yoda in her right hand, twizzlers (?) in her left. 
Must be a secret message in there somewhere.",2020-09-25,B001E4KFG0,1,1,,-1
139,1309507885697830913,@Macallan_King No you donâ€™t. You choose trash fish and twizzlers over REESES.,2020-09-25,B001E4KFG0,0,1,,0
140,1309507689408536581,I really love twizzlers. but it have to be the strawberry kind..,2020-09-25,B001E4KFG0,0,1,,1
141,1309507389494824962,Why all this for Iceland? I only wanted some turkey twizzlers https://t.co/YnPXCRQOy0,2020-09-25,B001E4KFG0,0,1,,0
142,1309506869191421953,@alice_radley @RadioFreeTom This is probably real black licorice. Not the fake twizzlers stuff. And the real stuff sometimes has warnings.,2020-09-25,B001E4KFG0,1,1,,1
143,1309506053474787328,"@ykyouluvmeh agree to disagree respectfully, twizzlers still slap",2020-09-25,B001E4KFG0,1,1,,1
144,1309506019358314497,I'm obliterating the Twizzlers. https://t.co/eYTPFDLpER,2020-09-25,B001E4KFG0,0,1,,0
145,1309504174241923073,@gavanking @SETTHENARRATIVE @lindarchilders @IvankaTrump @TWIZZLERS Whoâ€™s a billionaire?,2020-09-25,B001E4KFG0,0,1,,0
146,1309501836492144640,"@sekotser_ @kayakingkiwi @rodjgrimmer Well, they can't have fish and chips 2 nights in a row, Kebab night was Wedneâ€¦ https://t.co/l1BmGcd84k",2020-09-25,B001E4KFG0,1,1,,0
147,1309501620200157185,@BoxBootley Wow... youâ€™re that serious with your turkey twizzlers huh ğŸ‘€ Â£50 is alot yâ€™know to not be spending them ğŸ˜¬,2020-09-25,B001E4KFG0,0,1,,-1
148,1309500892941619200,@RTerriers2 @LovesTheLight Twizzlers?,2020-09-25,B001E4KFG0,0,1,,0
149,1309500691615043587,Thatâ€™s a bowl full of twizzlers https://t.co/3yjMp35Dhe,2020-09-25,B001E4KFG0,0,1,,1
150,1309500460450164736,I'm watching the twizzlers fall into my paws,2020-09-25,B001E4KFG0,0,1,,0
151,1309499957741748224,@muchawesomewow Currently have a Â£50 Jamie Oliver voucher but I'm still mad at him banning and then changing the reâ€¦ https://t.co/nHoUAn4gOc,2020-09-25,B001E4KFG0,0,1,,-1
152,1309499695119695874,RT @mrscrystaljames: Sorting curved and straight lines is way more fun when you use Twizzlers! https://t.co/sdiBN4wwF4,2020-09-25,B001E4KFG0,0,1,,1
153,1309498131952869377,@SecretByx lovely and I need to buy some twizzlers,2020-09-25,B001E4KFG0,0,1,,1
154,1309575981309591560,@nypost Get this guy a Pastrami sandwich and Dr Brownâ€™s Black Cherry soda.,2020-09-25,B001E4KFG0,0,1,,-1
155,1309554417188790272,@Cherry_soda_D ì½§ëŒ€ì§„ì§œ ë†’ì€ê±°ê°™ì•„ìš”,2020-09-25,B001E4KFG0,0,1,,0
156,1309553958579392513,@Cherry_soda_D ì•„ê¹Œ ì´ê±° ë´„,2020-09-25,B001E4KFG0,0,1,,0
157,1309553725606785026,@Cherry_soda_D (+ì…ìˆ ë„,2020-09-25,B001E4KFG0,0,1,,0
158,1309552373434466305,@Cherry_soda_D í›„ìš°..... ì‚¬ëŒ ì°¾ì•„ìš”..^^ ë‚˜ ì§„ì§œ ì˜í•´ì£¼ë‹ˆê¹Œ ì–¼ë¦‰ ë‚´ ë©ë©ì´ í•˜ëŸ¬ ì˜¤ì…ˆ~~^^,2020-09-25,B001E4KFG0,0,1,,0
159,1309551254763237376,@Cherry_soda_D ì €ëŠ” í‰ì†Œì—ëŠ” ì°¸í•˜ì§€ë§Œ ë°¤ì—ëŠ” ê·¸ë ‡ì§€ ì•Šì€ ì‚¬ëŒ ì¢‹ì•„í•©ë‹ˆë‹¤ ì—°ë½ì£¼ì„¸ìš”^^,2020-09-25,B001E4KFG0,0,1,,0
160,1309551071233155072,@Cherry_soda_D ì•„~ì¼ë°˜ì¸ì¤‘ì—ëŠ” ì—†ìŒ,2020-09-25,B001E4KFG0,0,1,,0
161,1309550830639484931,@Cherry_soda_D í™”ì´íŒ…..,2020-09-25,B001E4KFG0,0,1,,0
162,1309550767640997888,@Cherry_soda_D ê·¸ëŸ°ì‚¬ëŒì—†ìŒ,2020-09-25,B001E4KFG0,0,1,,0
163,1309550301939027968,@Cherry_soda_D ê´œì°®ì€ ë‚¨ì ë„ˆë¬´ í¬ê·€í•´....,2020-09-25,B001E4KFG0,0,1,,0
164,1309550051094482944,@Cherry_soda_D ì•ˆë…•í•˜ì„¸ìš” ì €ëŠ” ê²€ì€í”¼ë¶€ì˜ ë©ì¹˜í° ì‚¬ëŒì´ ì¢‹ìŠµë‹ˆë‹¤^^  ì—°ë½ì£¼ì„¸ìš”ã…ã…^^,2020-09-25,B001E4KFG0,0,1,,0
165,1309549864850653184,@Cherry_soda_D ë‚œ ê²€ì€ ì”ê·¼ìœ¡ë‚¨ì´ ì¡°ì•„ ì™„ì „ ì·¨í–¥ê°ˆë¦¼ ìº¬ì»,2020-09-25,B001E4KFG0,0,1,,0
166,1309548405874548736,"@Cherry_soda_D í•´ì¤„ê²Œ,,",2020-09-25,B001E4KFG0,0,1,,0
167,1309548115402264582,@Cherry_soda_D ì•ˆí• ê±°ì•¼,2020-09-25,B001E4KFG0,0,1,,0
168,1309547179044937728,@Cherry_soda_D ê·¸ëƒ¥ í”¼ë“œ ìƒˆë¡œê³ ì¹¨ ë§ì´í•¨,2020-09-25,B001E4KFG0,0,1,,0
169,1309546760163844107,@Cherry_soda_D ë‚˜ë¨¹ì–´ì¤˜,2020-09-25,B001E4KFG0,0,1,,0
170,1309546034561863680,@Cherry_soda_D ë‚˜ ë¨¹ì„ë˜?,2020-09-25,B001E4KFG0,0,1,,0
171,1309544980902371334,@Cherry_soda_D ì¹´í†¡ì•ˆë³´ë©´ ê·¸ëƒ¥ ë•Œë ¤ì¹ ë˜,2020-09-25,B001E4KFG0,0,1,,0
172,1309544271951740928,@Cherry_soda_D ì§„ì§œ ë‚˜ ì´ëŸ¬ë©´ ìœ êµë³´ì´ ëª»í•´,2020-09-25,B001E4KFG0,0,1,,0
173,1309542599120678912,@Cherry_soda_D ì •ë‹µ! ë…ì„œì‹¤ 1ì¸ì‹¤!,2020-09-25,B001E4KFG0,0,1,,0
174,1309531566104690689,@Cherry_soda_D ì¼ì–´ë‚˜ì„œ ì¼.. ì•„ì§ë„ì¼..,2020-09-25,B001E4KFG0,0,1,,0
175,1309530370749001728,Taste Test Review: 365 Everyday Value Cherry Vanilla Creme Soda https://t.co/R4bwz03GZS via @YouTube,2020-09-25,B001E4KFG0,1,1,,-1
176,1309529111463780353,@Cherry_soda_D ë°œì•„í”„ë©´ ë‚´ê°€ ë¶€ì¶•í•´ì¤„ê²Œ,2020-09-25,B001E4KFG0,0,1,,0
177,1309528797729808384,@Cherry_soda_D ìŠ¤íƒ€ë²…ìŠ¤ì—ë§Œ ì­‰ ì•‰ì•„ìˆìœ¼ë´ê³ ..?,2020-09-25,B001E4KFG0,0,1,,0
178,1309528742784458753,@Cherry_soda_D ì•„ ê·¸ê±´ ì§œì¦ë‚˜ì„œ ì¸ìƒì´ ê¹Šê¸´í–ˆì–´,2020-09-25,B001E4KFG0,0,1,,0
179,1309528527385948161,@Cherry_soda_D ì˜·ê±¸ì´ì— ì˜· ê±¸ì–´ ë†“ì€ì¤„..ì§„ì§œ ì˜ˆì˜ê²Œ ë§ˆë¥´ì…¨ë‹¤,2020-09-25,B001E4KFG0,0,1,,0
180,1309528341343420417,@Cherry_soda_D í‡´ê·¼í•˜ê³  ì´ë§ˆíŠ¸ê°€ì„œ ìº í•‘ ê°€ì„œ ë¨¹ì„ ì¬ë£Œë“¤ ì‚¬ê³  ì§‘ì—ì™€ì„œ ë¹¨ë˜í•˜ê³  ë¶„ë¦¬ìˆ˜ê±°ë„ í•˜ê³  ì—¥ë‘ë‹˜ ë¨¸ë¦¿ê²° ë³´ê³  ê°íƒ„ì‚¬ ëƒ„,2020-09-25,B001E4KFG0,0,1,,0
181,1309528102322671616,@Cherry_soda_D ì›… ê·¸ëŸ¬ê¸´í•œë° ë¹„ì¤‘ì´ì»¤,2020-09-25,B001E4KFG0,0,1,,0
182,1309528008399577090,@Cherry_soda_D ë°œ ì•ˆì•„í”„ê² ì–´?,2020-09-25,B001E4KFG0,0,1,,0
183,1309527918570168320,@Cherry_soda_D ì‹¤ì°©ì´ ê¶ê¸ˆí•˜ë„¤ì—¬,2020-09-25,B001E4KFG0,0,1,,0
184,1309527876526505984,@Cherry_soda_D ë„ˆë‘ ì „í™”ìš”,2020-09-25,B001E4KFG0,0,1,,0
185,1309527797488992256,@Cherry_soda_D ë„ˆê°€ ì œì¼ ì´ì˜ê²Œë³´ì¼ê±°ê°™ì€ì˜· ì…ì–´ì¤˜,2020-09-25,B001E4KFG0,0,1,,0
186,1309527373184868352,@scornical idk closest that it reminds me of is Zella Day - Man on the Moon and Kuwada - Cherry Soda,2020-09-25,B001E4KFG0,0,1,,0
187,1309526456414822401,@Cherry_soda_D ê·¸ê±°ì…ê³ ì˜¬ê±°ì•¼?,2020-09-25,B001E4KFG0,0,1,,0
188,1309526005741056000,@Cherry_soda_D ë‚˜ë¹´ì–´ã…œ,2020-09-25,B001E4KFG0,0,1,,0
189,1309525956286009346,"@Cherry_soda_D ì›…,,,",2020-09-25,B001E4KFG0,0,1,,0
190,1309525674026086400,@Cherry_soda_D ë‚˜ ë•Œë¦´ë˜?,2020-09-25,B001E4KFG0,0,1,,0
191,1309525600458043395,@Cherry_soda_D ì†ì˜·ì€ ì•ˆë³´ì´ê³  ëª¸ë§¤ë§Œ ë³´ì´ëŠ”ê±´ ì™œì£ ,2020-09-25,B001E4KFG0,0,1,,0
192,1309525450566201344,@Cherry_soda_D ì´ëŸ°ê±° ì·¨í–¥ì´ì—ˆì–´?,2020-09-25,B001E4KFG0,0,1,,0
193,1309525414247718913,@Cherry_soda_D ë¯¸ì•ˆ ì•ˆë‚˜ëŒˆê²Œ...,2020-09-25,B001E4KFG0,0,1,,0
194,1309525359218450432,@Cherry_soda_D ë”± ëŒ€,2020-09-25,B001E4KFG0,0,1,,0
195,1309525047644549123,@Cherry_soda_D ì´ê±° ë‚˜í•œí…Œ ìˆ˜ì‘ë¶€ë¦¬ê² ë‹¤ëŠ”ê±°ë¡œ ë“¤ìœ¼ë©´ ë˜ëŠ”ê±°ì§€?,2020-09-25,B001E4KFG0,0,1,,0
196,1309524781532770304,@Cherry_soda_D ìœ êµê±¸í•˜ì„¸ìš”,2020-09-25,B001E4KFG0,0,1,,0
197,1309524382545395713,@Cherry_soda_D ê·¸ìœ¼ë˜ì• ...,2020-09-25,B001E4KFG0,0,1,,0
198,1309523256597045248,@Cherry_soda_D ë­ì•¼ ì™¤ì¼€ ì€ê·¼ ì´ì¨,2020-09-25,B001E4KFG0,0,1,,0
199,1309520082461102080,@Cherry_soda_D ìš¸ì§€ë§ˆë ´..,2020-09-25,B001E4KFG0,0,1,,0
200,1309520045177999374,"And like minutes after they come back with sodas. Mind you, I donâ€™t really drink soda unless itâ€™s like Mtn dew or sâ€¦ https://t.co/EbxInZsSU0",2020-09-25,B001E4KFG0,0,1,,1
201,1309519689639325697,@Cherry_soda_D ì•ˆë‚˜ì™€ìš”,2020-09-25,B001E4KFG0,0,1,,0
202,1309518406899568642,@Cherry_soda_D ë¨¸ë¦¬ê²° ì§„ì§œ ì¢‹ìœ¼ì‹œë‹¤,2020-09-25,B001E4KFG0,0,1,,0
203,1309513052056846338,@ashtonxsh cherry soda is yum,2020-09-25,B001E4KFG0,0,1,,0
204,1309512264341282816,@Cherry_soda_D ì†ëˆˆì¹ì—°ì¥ì— íˆ¬ìí•˜ê³  ê¸°ë¥´ë©´ ì˜ë¼ê°€ì„œ íŒ”ë©´ë˜ëŠ”ê±°ì•¼?,2020-09-25,B001E4KFG0,0,1,,0
205,1309511363673300994,@Cherry_soda_D í”ë“¤í”ë“¤í”ë“¤,2020-09-25,B001E4KFG0,0,1,,0
206,1309502854499983360,@Cherry_soda_D ì €ë„ìš”,2020-09-25,B001E4KFG0,0,1,,0
207,1309501925625397248,@abbzsterz My favorite soda especially the cherry dp,2020-09-25,B001E4KFG0,0,1,,1
208,1309500954077810688,"think of me as programmable soda
too much cherry baby then you can just add cola think of as programmable soda causâ€¦ https://t.co/jwDvVjchXg",2020-09-25,B001E4KFG0,0,1,,1
209,1309499534582534144,@Cherry_soda_D ë³´ì—¬ìš”!!,2020-09-25,B001E4KFG0,0,1,,0
210,1309498380494594049,@Cherry_soda_D 5ì‹œì— ëë‚˜ìš”,2020-09-25,B001E4KFG0,0,1,,0
211,1309497717765230595,@Cherry_soda_D ì¼ìš”ì¼ì€ ì•Œë°”ê°”ë‹¤ê°€ ê±´ì˜¤í• í…ë° ê´œì°®ì•„ìš”??,2020-09-25,B001E4KFG0,0,1,,0
212,1309495384629284864,Come see us today to get a Cherry Soda! A classic twist on your favorite fruity flavor! https://t.co/mlzpdIJ3YD,2020-09-25,B001E4KFG0,0,1,,1
213,1309494539678175232,@Cherry_soda_D ë³´ì—¬ìš”,2020-09-25,B001E4KFG0,0,1,,0
214,1309490865287684098,"@ninjyace LOL same brain, same brain.  i would mix up the Spanish words for cherry (cereza) w beer (cerveza) and thâ€¦ https://t.co/hlHUsnwhUq",2020-09-25,B001E4KFG0,0,1,,1
215,1309482769420967938,"@subtanyarl creamy tint sumpah awet banget trus ringan dah, waktu itu belinya yang cherry soda tapi kemerahan sih wkwk",2020-09-25,B001E4KFG0,0,1,,0
216,1309478795611578368,"@subtanyarl kulit aku sawo matang, beli emina creamy tint yg shade cherry soda ngejreng bgt ya ampun... tapii tekstâ€¦ https://t.co/GjqysLlRt4",2020-09-25,B001E4KFG0,1,1,,0
217,1309478484201279488,@subtanyarl creamy tint yang nomer 01 Brick Town sama 05 Cherry Soda mantep buat di ombre nder,2020-09-25,B001E4KFG0,0,1,,0
218,1309437657685143554,"RT @MeTV: The new Zesty Blood Orange and Feisty Cherry Diet Cokes can trace their origins back to these forgotten drinks.

https://t.co/7fvâ€¦",2020-09-25,B001E4KFG0,0,1,,1
219,1309427757147881472,"I see what you were going for in your soda bread, and I can't stand the flavors of it. That was a safe move, puttinâ€¦ https://t.co/enTLnzTUdT",2020-09-25,B001E4KFG0,0,1,,1
220,1309394499429232640,"RT @lola_bud: Day 44 flowering: the Charlie Sheen sisters, Chem4, + Cherry Pie x BB/@irvineseeds! Almost to the home stretch, pretty ladiesâ€¦",2020-09-25,B001E4KFG0,0,1,,1
221,1309379362404343808,cherry cream soda makes me cry as it comes on,2020-09-25,B001E4KFG0,0,1,,0
222,1309375223184199681,"RT @MeTV: The new Zesty Blood Orange and Feisty Cherry Diet Cokes can trace their origins back to these forgotten drinks.

https://t.co/7fvâ€¦",2020-09-25,B001E4KFG0,0,1,,1
223,1309372827489964032,"RT @MeTV: The new Zesty Blood Orange and Feisty Cherry Diet Cokes can trace their origins back to these forgotten drinks.

https://t.co/7fvâ€¦",2020-09-25,B001E4KFG0,0,1,,1
224,1309371499468468226,@hshaban My family still calls me 'black cherry' due to a blowout with my family when I was a teenager over a halfâ€¦ https://t.co/NLPzP8535f,2020-09-25,B001E4KFG0,0,1,,-1
225,1309367242920878080,"RT @JennALT_01angel: Headcanon 
All characters in jelly jamm smell sweet

Rita: strawberry
Bello: cherry
Mina: ramune soda 
Ongo: grape 
Goâ€¦",2020-09-25,B001E4KFG0,0,1,,1
226,1309364569408565248,@Javigameboy I would be too if I didn't get at least my daily drink of cherry-vanilla soda!,2020-09-25,B001E4KFG0,0,1,,-1
227,1309360597214035969,"@ArcticCircleSys I like Dr. Pepper.  It's not my favorite soda, but it's good.  I like Cherry Dr. Pepper the most.â€¦ https://t.co/IgLO0mP8t1",2020-09-25,B001E4KFG0,0,1,,1
228,1309356587723763714,"This Dr. Pepper &amp; Cream soda, and Cherry Sprite gotta have some kinda drug in em.",2020-09-25,B001E4KFG0,0,1,,0
229,1309354457763909633,"Werewolf, Cheerleader, Yoga, Rockstar, Dr Wasabi, Mustard, Herb, Tiger Lily, Soda, Sea Fairy, Dark Enchantress, Mooâ€¦ https://t.co/8vSzrOYhQJ",2020-09-25,B001E4KFG0,0,1,,-1
230,1309351336375447553,"Headcanon 
All characters in jelly jamm smell sweet

Rita: strawberry
Bello: cherry
Mina: ramune soda 
Ongo: grapeâ€¦ https://t.co/FSQXUTRWQY",2020-09-25,B001E4KFG0,0,1,,1
231,1309347445881663488,"Sun Era - ""Cherry Soda"" (2020) #SunEra #IndiePop https://t.co/UI8NJfqA7n",2020-09-25,B001E4KFG0,0,1,,0
232,1309344831601172481,"RT @MeTV: The new Zesty Blood Orange and Feisty Cherry Diet Cokes can trace their origins back to these forgotten drinks.

https://t.co/7fvâ€¦",2020-09-25,B001E4KFG0,0,1,,1
233,1309344082502713345,"RT @MeTV: The new Zesty Blood Orange and Feisty Cherry Diet Cokes can trace their origins back to these forgotten drinks.

https://t.co/7fvâ€¦",2020-09-25,B001E4KFG0,0,1,,1
234,1309341860113133568,"The new Zesty Blood Orange and Feisty Cherry Diet Cokes can trace their origins back to these forgotten drinks.

https://t.co/7fvz1CHIwy",2020-09-25,B001E4KFG0,0,1,,1
235,1309333008957214720,@weirdjackettt @Suspect_AniTWT Cherry soda but bitter,2020-09-25,B001E4KFG0,0,1,,-1
236,1309329939875979265,@weirdjackettt @Suspect_AniTWT Idk man I'm not feeling Cherry Soda,2020-09-25,B001E4KFG0,0,1,,0
237,1309328201957728257,"Steveâ€™s American-Wit with a hot pepper, their pickles and their cherry soda ğŸ¥µğŸ¤¤ğŸ˜­ https://t.co/jWUlBINSGX",2020-09-25,B001E4KFG0,1,1,,1
238,1309326352403890178,@burrrrrberry @KirklandJones The cherry soda is so good,2020-09-25,B001E4KFG0,0,1,,1
239,1309324088817713154,@bornonbroad @Jennwilliams23 The cherry soda is BANGINNN,2020-09-25,B001E4KFG0,0,1,,0
240,1309323280780865536,"Had to get @KirklandJones the best cheesesteak ever.  #princeofsteaks

Pictured (but not for long):  cheesesteak wiâ€¦ https://t.co/8nCd3qOL7w",2020-09-25,B001E4KFG0,0,1,,1
241,1309318346643509249,"6 bandas favoritas y 6 personas:
Me nominÃ³ cherry ğŸ’ğŸ’ @GerryPrz

1.- Phoenix
2.- The Cure
3.- Soda Stereo
4.- Mecanoâ€¦ https://t.co/QjkPTYInHR",2020-09-25,B001E4KFG0,0,1,,0
242,1309302241795416065,@SArizonas #3 Keilbasa/Perogie with a Hansens Cherry Vanilla Soda. Cheers!,2020-09-25,B001E4KFG0,0,1,,0
243,1309298104009515008,"@KanteBeStopped7 Yeah, Cherry is better but Mango is next best, the creaming soda one is ass though",2020-09-25,B001E4KFG0,0,1,,1
244,1309291620974563328,the only reason i like hats is for there cherry soda ğŸ¥ºâ¤ï¸ https://t.co/JNDU6f49dS,2020-09-25,B001E4KFG0,0,1,,0
245,1309274268199510017,@zowzowwy @MajesticChickTV Orange cherry soda...,2020-09-24,B001E4KFG0,0,1,,0
246,1309268315571851264,@_Cherry__Cream_ Coke isn't cream soda milady. Nice try tho :D,2020-09-24,B001E4KFG0,0,1,,1
247,1309250636966498304,@_ADoseofAri Wow I donâ€™t drink soda anymore but I think Dr. Pepper Cherry is fire,2020-09-24,B001E4KFG0,0,1,,1
248,1309249835971862541,@wholesomeneko I dont drink soda that often but i'd say lime cola or cherry pepsi,2020-09-24,B001E4KFG0,0,1,,0
249,1309245391184048128,"@Jennwilliams23 did you get a cherry soda though? if not, def get one next time! ğŸ˜‹",2020-09-24,B001E4KFG0,0,1,,0
250,1309244125322063876,"Hey grandma? Got your sign. It's been 10 years huh? Happy (101st) birthday. Enjoy that celery soda, thanks for the black cherry â¤ï¸",2020-09-24,B001E4KFG0,0,1,,1
251,1309233379351629826,Where's my Diet Dr Pepper cherry and cream soda? ack! https://t.co/Q9lZQWJcKr,2020-09-24,B001E4KFG0,0,1,,0
252,1309225407917457409,"Ep 52 ""Spooky Soda"" 
https://t.co/zxujKKoYiL 
.
.
#podcast #podcasting #podcasts #spotify #podcastlife #podcasterâ€¦ https://t.co/cp1d8dU3WH",2020-09-24,B001E4KFG0,0,1,,0
253,1309222114331942912,RT @ThompsoneBay: Check out 24 Water Magic Cherry Cola soda Flavored Straws  6 Packets  #MagicStraws https://t.co/AXOUyUdehN via @eBay,2020-09-24,B001E4KFG0,0,1,,1
254,1309578450781573120,European study finds that green tea drunk within two hours after a meal increases fat breakdown by a third #fatloss,2020-09-25,B001E4KFG0,1,1,,-1
255,1309578429726031872,"@Darth_Mommie Same.... except I had to have my daughter text me her order, â€œa matcha green tea creme frap with soyâ€¦ https://t.co/FyXhzUPQRD",2020-09-25,B001E4KFG0,1,1,,-1
256,1309578418887909376,@GaeroGaming pov: you're a can of green tea,2020-09-25,B001E4KFG0,1,1,,-1
257,1309578418724446208,how much green tea do I have to drink before Iâ€™m no longer ugly,2020-09-25,B001E4KFG0,0,1,,-1
258,1309578293692297237,"@HiraAjmal13 Mera roz ka he raat mn sbki tweet pe jakr green tea mangta hnğŸ˜ª
SorryğŸ˜£",2020-09-25,B001E4KFG0,0,1,,-1
259,1309578120576430081,"@hanifnayl height           : 159cm
age                : 22
shoe size      : uk8
zodiac sign  : Sagittarius
tattoosâ€¦ https://t.co/DML5RyNpUC",2020-09-25,B001E4KFG0,0,1,,0
260,1309578116302397440,RT @mrkaranarya: When you don't loose weight even after drinking green tea for a month.ğŸ¼â˜¹ï¸ https://t.co/fJ8uZ3EHmd,2020-09-25,B001E4KFG0,0,1,,-1
261,1309577990716583941,RT @mrkaranarya: When you don't loose weight even after drinking green tea for a month.ğŸ¼â˜¹ï¸ https://t.co/fJ8uZ3EHmd,2020-09-25,B001E4KFG0,0,1,,-1
262,1309577455196426243,@HiraAjmal13 Green tea pila doğŸ˜ª,2020-09-25,B001E4KFG0,1,1,,-1
263,1309577401907712001,PassoÃ£ + Lipton Ice Tea Green: wanneer je je jong wilt voelen maar ook respect wilt betuigen aan het greintje hipstâ€¦ https://t.co/3uJaLkpeOK,2020-09-25,B001E4KFG0,0,1,,-1
264,1309577272102248448,"Green tea at this hour!

Will watch movies whole night",2020-09-25,B001E4KFG0,0,1,,0
265,1309577220210462721,"Water, cranberry juice , Green tea , ginger / probiotic shots , &amp; kombucha for the Winn",2020-09-25,B001E4KFG0,1,1,,-1
266,1309577171728556038,@PedaGadgey92 Ken am gona have a green tea instead eh wine tae. Wild*,2020-09-25,B001E4KFG0,0,1,,-1
267,1309576685600165888,@MLashkell And the antioxidants! What kind of green tea? Iâ€™m partial to gen mai cha.,2020-09-25,B001E4KFG0,0,1,,1
268,1309576510576234497,have some green tea before you sleep,2020-09-25,B001E4KFG0,1,1,,-1
269,1309576487691907072,"RT @studyinglucy: it's 10:30 am here â˜€ï¸ time to study #studytwt â€¼ï¸

my plan for today â€”

â™¤ finish 1 to 5 slides for 3 units = 5 x 3 = 15 slâ€¦",2020-09-25,B001E4KFG0,1,1,,0
270,1309576437196886018,"@debrakidd Exhausted. All I can face now is my cup of green tea, then bed .",2020-09-25,B001E4KFG0,1,1,,-1
271,1309576391134830592,"RT @twst_jp: ã€#ãƒ„ã‚¤ãƒãƒ£ãƒ³ã‚¢ãƒ™ãƒã€‘
å…¬å¼ç•ªçµ„ã€Œãƒ‡ã‚£ã‚ºãƒ‹ãƒ¼ ãƒ„ã‚¤ã‚¹ãƒ†ãƒƒãƒ‰ãƒ¯ãƒ³ãƒ€ãƒ¼ãƒ©ãƒ³ãƒ‰ã€€ãƒãƒ£ãƒ³ãƒãƒ«ã€ç‰¹åˆ¥ç‰ˆã®é…ä¿¡ãŒæ±ºå®šã„ãŸã—ã¾ã—ãŸã€‚
ä»Šå›ã®æ”¾é€ã¯ç´„3æ™‚é–“ã‚’äºˆå®šã—ã¦ã„ã¾ã™ã€‚
â– é…ä¿¡æ—¥æ™‚ï¼š10æœˆ4æ—¥ï¼ˆæ—¥ï¼‰18ï¼š00ã‚ˆã‚Š
â– URLï¼šhttps://t.co/1rnKmTâ€¦",2020-09-25,B001E4KFG0,0,1,,0
272,1309576198167683082,"Height - 5 ft 11 inches 
Age - 17
Shoe size - 13 Wide
Zodiac - Leo
Tattoos - Soon 
Piercings - nope
Fav color - greâ€¦ https://t.co/3YhsgsA23n",2020-09-25,B001E4KFG0,0,1,,-1
273,1309576157734600705,@mamaR0303 @Stonedwifeyy So it went up since last November when I got it but still affordable for a king bed. Zinusâ€¦ https://t.co/6IbT15PhPi,2020-09-25,B001E4KFG0,0,1,,0
274,1309575896827822084,"RT @JosaG_: Sorry to bust your bubble guys but, the only way to lose weight from green tea is going to the mountains and picking it yourselâ€¦",2020-09-25,B001E4KFG0,0,1,,-1
275,1309575770944057344,"RT @nugreentea: The last but not least, YUTA! Masih inget dong scene gemesin YUTA bareng MARK di iklan NU Green Tea #FixEnak? Mana nih pengâ€¦",2020-09-25,B001E4KFG0,1,1,,-1
276,1309575590131818496,"@sea_stankk definitely not much caffeine for me, i drink c*ffee in the morning. in the afternoons sometimes i go foâ€¦ https://t.co/sInDKTYUWv",2020-09-25,B001E4KFG0,0,1,,1
277,1309575587829370880,"cw // food

hc where sakusa hates green apple so atsumu yaku and komori go out of their way to get him ONLY green aâ€¦ https://t.co/GMTNZKdUEr",2020-09-25,B001E4KFG0,0,1,,-1
278,1309575316877332485,"RT @lethereatoxygen: SUBLIMINAL PLAYLIST THREAD!!
what to do while listening:
honestly anything, just make sure youre drinking water/greenâ€¦",2020-09-25,B001E4KFG0,0,1,,1
279,1309575055312072711,"RT @JosaG_: Sorry to bust your bubble guys but, the only way to lose weight from green tea is going to the mountains and picking it yourselâ€¦",2020-09-25,B001E4KFG0,0,1,,-1
280,1309574938181865473,Update i finished it. Chugging is the way to go. Follow me on my journey of not wanting to throw up when i drink green tea ğŸ˜‚ğŸ˜‚,2020-09-25,B001E4KFG0,1,1,,1
281,1309574910944055296,@Sravanthicuty @saarika_gow @LillyMogudu7 @ChennaiIPL @ItsMePree_59 @Priyasamzz Green tea thaagu aithey ğŸ˜ª,2020-09-25,B001E4KFG0,1,1,,-1
282,1309574906443476993,@PeachTjapan2 @green_tea_ocya https://t.co/udLxxHoTSZ,2020-09-25,B001E4KFG0,0,1,,-1
283,1309574845072457730,@cami_marie18 Peach green tea with lemonade,2020-09-25,B001E4KFG0,0,1,,-1
284,1309574802089402370,I need some green tea to go with my pizza.... balance,2020-09-25,B001E4KFG0,0,1,,-1
285,1309574728185647105,"@MarloWordyBird @AbraHanen BUT I HAVE A FIVE YEAR OLD ;)
I think I may try to switch to green tea in the morning during fasts.",2020-09-25,B001E4KFG0,0,1,,-1
286,1309574657432080386,"@Areeeshhh Get well soon
Take green adrak wali tea
Aur do 
Gurgur 
Ù…ÛŒØ±Ø§ Ù…Ø·Ù„Ø¨ Ù†Ù…Ú© Ú©Û’ ØºØ±Ø§Ø±Û’ ğŸ˜ƒ",2020-09-25,B001E4KFG0,1,1,,-1
287,1309574512200081408,"ow esse role monster green tea Ã© mÃ³ bom, sou mÃ³ jovem",2020-09-25,B001E4KFG0,0,1,,-1
288,1309574292359622657,RT @mrkaranarya: When you don't loose weight even after drinking green tea for a month.ğŸ¼â˜¹ï¸ https://t.co/fJ8uZ3EHmd,2020-09-25,B001E4KFG0,0,1,,-1
289,1309574127557246978,RT @SenoritaXX1: I want your green tea â˜ºï¸â˜ºï¸â¤ï¸ğŸ’š https://t.co/mxqMVJcezg,2020-09-25,B001E4KFG0,0,1,,-1
290,1309573968400015365,RT @asianpoops: i swear macdonaldâ€™s green tea tastes better than the bottled ones,2020-09-25,B001E4KFG0,0,1,,1
291,1309573968043470848,@tiesta_e Green tea is where itâ€™s at!,2020-09-25,B001E4KFG0,0,1,,-1
292,1309573937655930886,"Oreos and green tea, because life is about balance ğŸ¤",2020-09-25,B001E4KFG0,0,1,,-1
293,1309573826381000704,Itâ€™s the green chiles and unsweet tea for me.,2020-09-25,B001E4KFG0,0,1,,-1
294,1309573685314027521,"@MarloWordyBird @nidhiart Just watch out for tea, incl green, on an empty stomach if you're not used to it withoutâ€¦ https://t.co/9hfMHea8OH",2020-09-25,B001E4KFG0,1,1,,-1
295,1309573651306602498,just got a green tea frappuccino from starbucks https://t.co/aUfM7giZvl,2020-09-25,B001E4KFG0,0,1,,-1
296,1309573570583035904,RT @yungxmonet: meeee with iced matcha green tea,2020-09-25,B001E4KFG0,0,1,,-1
297,1309573477964361730,"@itsyealyssa 5â€™7
14
Taurus
none
none
blue
arizona green tea",2020-09-25,B001E4KFG0,0,1,,-1
298,1309573465184239616,"RT @nugreentea: The last but not least, YUTA! Masih inget dong scene gemesin YUTA bareng MARK di iklan NU Green Tea #FixEnak? Mana nih pengâ€¦",2020-09-25,B001E4KFG0,1,1,,-1
299,1309573049583153152,i never knew green tea was dis good,2020-09-25,B001E4KFG0,0,1,,1
300,1309572957174468609,@megalopoliis There is green tea and strawberry. Let me take a guess and say you like strawberry,2020-09-25,B001E4KFG0,0,1,,-1
301,1309572934004924416,Hot green tea &amp; a bagel,2020-09-25,B001E4KFG0,0,1,,1
302,1309572620027703296,"@Juusa5 @man_integrated The Asian markets started the varietal KitKats.  Green Tea, various fruits.",2020-09-25,B001E4KFG0,1,1,,-1
303,1309572451387559936,@JasminMaaz Green tea is a perfect name! ğŸ˜ğŸ˜,2020-09-25,B001E4KFG0,1,1,,1
304,1309572412132986880,"RT @purecandlehouse: Check out â€œGreen Tea and Lemongrassâ€ Note Profile:
Top: Green Tea, Lemongrass, Orange
Middle: Green Floral, Jasmine
Baâ€¦",2020-09-25,B001E4KFG0,0,1,,-1
305,1309572361621037057,100 green tea bags. https://t.co/vHonk5Ir8N,2020-09-25,B001E4KFG0,0,1,,-1
306,1309572114320629761,@ughrooj @unholyfuk My friend added it to green tea and nothing happened :|,2020-09-25,B001E4KFG0,1,1,,0
307,1309572047962550277,"Check out â€œGreen Tea and Lemongrassâ€ Note Profile:
Top: Green Tea, Lemongrass, Orange
Middle: Green Floral, Jasmineâ€¦ https://t.co/tOqQqS6NRT",2020-09-25,B001E4KFG0,1,1,,-1
308,1309572023710937088,@KanikaTolver Itâ€™s more like green tea. Like I actually mix it with matcha every so often.  Less like coffee becausâ€¦ https://t.co/4Ai3LvjXow,2020-09-25,B001E4KFG0,0,1,,-1
309,1309571946078703616,RT @RegTheVeg_: Pineapple surf and green tea tango w spinach,2020-09-25,B001E4KFG0,0,1,,-1
310,1309571874674872323,RT @RaysVision_: Green Tea Tango,2020-09-25,B001E4KFG0,0,1,,-1
311,1309571741451276289,@erostribe So to be clear it has less caffeine than coffee? Similar to green tea?,2020-09-25,B001E4KFG0,0,1,,-1
312,1309571711537426438,@NadineNakagawa Switched it up from from jugs of hot black coffee to a pitcher warm green tea to stay hydrated today.,2020-09-25,B001E4KFG0,0,1,,1
313,1309571674287767553,GREEN TEA,2020-09-25,B001E4KFG0,0,1,,-1
314,1309571400995274752,"RT @nugreentea: The last but not least, YUTA! Masih inget dong scene gemesin YUTA bareng MARK di iklan NU Green Tea #FixEnak? Mana nih pengâ€¦",2020-09-25,B001E4KFG0,1,1,,-1
315,1309571328530427904,RT @AceTeaLondon: To celebrate Ace Tea's delicious Jasmine Green Tea winning a Great Taste Award we are giving YOU the chance to win a cartâ€¦,2020-09-25,B001E4KFG0,0,1,,1
316,1309571221621633024,@KanikaTolver But it has the â€œcaffeineâ€ of coffee without the jitters (same compound as green tea),2020-09-25,B001E4KFG0,0,1,,-1
317,1309571097252098048,Love how green tea reverses the effects of eating loads of unhealthy shit â¤ï¸,2020-09-25,B001E4KFG0,1,1,,-1
318,1309571063068659713,@ScottNiswander Making myself green tea right now.,2020-09-25,B001E4KFG0,0,1,,1
319,1309571006290448385,Got the Pret subscription trial and itâ€™s an absolute game changer. Had 2 coffees and a green tea while zipping arouâ€¦ https://t.co/F1rGtXO1g4,2020-09-25,B001E4KFG0,0,1,,-1
320,1309570788736065537,"RT @MarvinGakunyi: KTDA's other failing is focusing on tea too much. Diversification to KTDA means moving from Black CTC teas to Orthodox,â€¦",2020-09-25,B001E4KFG0,0,1,,-1
321,1309570775855194117,Chugged green tea for the hell of it ğŸ¤·â€â™‚ï¸,2020-09-25,B001E4KFG0,1,1,,-1
322,1309570763184275456,"RT @nugreentea: The last but not least, YUTA! Masih inget dong scene gemesin YUTA bareng MARK di iklan NU Green Tea #FixEnak? Mana nih pengâ€¦",2020-09-25,B001E4KFG0,1,1,,-1
323,1309570762752372736,"height           : 5'10
age                : 18
zodiac sign   : Leo
tattoos          : none rn
piercings      : 0
fâ€¦ https://t.co/ChovUAagMB",2020-09-25,B001E4KFG0,0,1,,0
324,1309570708205375488,Pineapple surf and green tea tango w spinach https://t.co/qC7AlTmbLt,2020-09-25,B001E4KFG0,1,1,,-1
325,1309570525354766336,RT @JeffDuntemann: Higher plasma zinc levels in #COVIDãƒ¼19 patients correlates to better survival rates. What no one wants to admit is thatâ€¦,2020-09-25,B001E4KFG0,1,1,,1
326,1309570261314949123,@iampeedeeterry Think he drinks green tea ğŸ˜‚ğŸ™ˆ,2020-09-25,B001E4KFG0,1,1,,1
327,1309570200858234882,I attempted to give up coffee today and I feel horrible. What else can I drink other than water and green tea? Please help me family.,2020-09-25,B001E4KFG0,0,1,,-1
328,1309570164590075905,"RT @JeffDuntemann: Missed this in August, but it's good to see: EGCG (epigallocatechin gallate) + zinc may be as good as or better than HCQâ€¦",2020-09-25,B001E4KFG0,0,1,,1
329,1309570121984221184,@natalypulido_ you don't like green tea? ğŸ¤£,2020-09-25,B001E4KFG0,0,1,,-1
330,1309569969512882176,"RT @nugreentea: The last but not least, YUTA! Masih inget dong scene gemesin YUTA bareng MARK di iklan NU Green Tea #FixEnak? Mana nih pengâ€¦",2020-09-25,B001E4KFG0,1,1,,-1
331,1309569954589503488,"RT @nugreentea: Kalau kata JAEHYUN, Nu Green Tea warnanya jernih banget ğŸ’š Kamu udah koleksi botol ganteng versi JAEHYUN kan? Jangan sampaiâ€¦",2020-09-25,B001E4KFG0,0,1,,-1
332,1309569942665089024,"@FFOODFESS aqua yg ada gambar frozennya, ichitan thai milk tea/green tea, teh kotak, ultramilk tobelii, indomilk melon",2020-09-25,B001E4KFG0,1,1,,-1
333,1309569897152774150,Iâ€™ve never done tea or coffee... Iâ€™ve just discovered @tetleyukâ€™s green tea and super fruits range... Iâ€™ve evolved ğŸ˜Œ,2020-09-25,B001E4KFG0,1,1,,1
334,1309569878131605521,Iâ€™m covered with the green tea. Sounds nice https://t.co/qxMCtssLz0,2020-09-25,B001E4KFG0,0,1,,1
335,1309569874042257409,Green Tea Tango https://t.co/dluVS2VAQ3,2020-09-25,B001E4KFG0,0,1,,-1
336,1309569500417671170,"RT @nugreentea: Fix! NU Green Tea berkolaborasi dengan NCT 127 sebagai bintang iklan baru!

Gimana sih reaksi para member #NCT127 waktu liaâ€¦",2020-09-25,B001E4KFG0,0,1,,-1
337,1309569481929359361,"@disabilisaur Black cohosh, magnolia bark, green tea, and soy isoflavones. I mainly took Estroven or a generic version of it.",2020-09-25,B001E4KFG0,1,1,,-1
338,1309569343055785984,"""I meanâ€¦Some green tea does sound really good. I could use a little â€˜pick-me-upâ€™ so sure, Iâ€™ll take you up on thatâ€¦ https://t.co/sALEDbwCb0",2020-09-25,B001E4KFG0,0,1,,1
339,1309569336315707393,@red_green_tea_ SEEE THIS IS WHY ACEARO JAKE MAKES ME GO HMMMM :). but also. there is something So Gay abt brain ghost dirk.,2020-09-25,B001E4KFG0,0,1,,1
340,1309569315717492739,@HuddlestonNigel @SixwaysStadium @DCMS Lord Mortonâ€™s Tea Room this morning and the Chequers in Cutnall Green this eveningğŸ˜Š,2020-09-25,B001E4KFG0,1,1,,-1
341,1309569269168877573,"RT @nugreentea: The last but not least, YUTA! Masih inget dong scene gemesin YUTA bareng MARK di iklan NU Green Tea #FixEnak? Mana nih pengâ€¦",2020-09-25,B001E4KFG0,1,1,,-1
342,1309569217793060864,@ItsAmberhol Green tea @ 175Â° for 2:30sec w/ a large tsp of creamed honey. It never fails to taste fantastic.  ğŸµ,2020-09-25,B001E4KFG0,0,1,,1
343,1309569035655282688,Itâ€™s the imma throw up tryna drink this green tea for me https://t.co/SCsfPqEHVO,2020-09-25,B001E4KFG0,1,1,,-1
344,1309568932693585920,"tw: food
my keto omad (with the exception of the peach green tea) https://t.co/VkKOruv1tw",2020-09-25,B001E4KFG0,0,1,,-1
345,1309568886472208385,"tried macha green tea for the first time, i love https://t.co/g4wRaY7g6m",2020-09-25,B001E4KFG0,0,1,,1
346,1309568869024116736,RT @SenoritaXX1: I want your green tea â˜ºï¸â˜ºï¸â¤ï¸ğŸ’š https://t.co/mxqMVJcezg,2020-09-25,B001E4KFG0,0,1,,-1
347,1309568576265662465,S.Korea gov. doesn't teach true history.(4) It is not true that Japan performed the terrible colony rule for Korea. https://t.co/6XEPqVFZcY,2020-09-25,B001E4KFG0,1,1,,-1
348,1309568433382502400,"""Dear, you seem tired.""

Sakura made a soft chuckle, looking over to her right at a tea set.

""Would you like someâ€¦ https://t.co/d5ZWaJNmK7",2020-09-25,B001E4KFG0,0,1,,-1
349,1309568387589246978,"height           : 6'4""
age                : 15
zodiac sign   : taurus 
tattoos          : 0 
piercings      : 0
faâ€¦ https://t.co/ZPUmPY9GAy",2020-09-25,B001E4KFG0,1,1,,0
350,1309568345432227841,"RT @nugreentea: The last but not least, YUTA! Masih inget dong scene gemesin YUTA bareng MARK di iklan NU Green Tea #FixEnak? Mana nih pengâ€¦",2020-09-25,B001E4KFG0,1,1,,-1
351,1309568217824849922,RT @OrganicLiveFood: Drinking #greentea can help to boost your #metabolism and improve #weightloss: https://t.co/EiVIHETWhe #health #Healthâ€¦,2020-09-25,B001E4KFG0,0,1,,0
352,1309568204931506176,@BangchanButton I mostly drink something with herbs like peppermint or chamomile tea. Sometimes even green tea whenâ€¦ https://t.co/KdXGI50yTX,2020-09-25,B001E4KFG0,0,1,,1
353,1309568140834213890,"@dashiluvsyou Iâ€™m covered with the green tea and I will be back to you in about a week 

bitch what",2020-09-25,B001E4KFG0,0,1,,-1
